package_name,is_known,num_refs,num_jars,jars,num_classes,usage_types,enforcement_patterns,security_tags,num_callers,num_callees
android.ext.shared,False,1,1,services,1,invoke,early_return;string_compare;system_property_read,PERM_CHECK;PKG_MGMT;PKG_QUERY;SIG_CHECK;UID_CHECK,1,2077
ch.bitspin.timely,False,1,1,services,1,invoke,early_return,,1,5
cn.banshenggua.aichang,False,1,1,services,1,invoke,early_return,,1,42
cn.kuwo.sing,False,1,1,services,1,invoke,early_return,,1,42
co.sitic.pp,False,1,1,services,1,invoke,early_return;permission_grant;string_compare;system_property_read,APPOPS;PERM_FLAGS;PERM_GRANT;PKG_QUERY;SIG_CHECK,1,184
com.alibaba.android.rimet,False,1,1,services,1,invoke,early_return,,1,5
com.amazon.avod.thirdpartyclient,False,1,1,services,1,invoke,early_return,,1,5
com.amazon.clouddrive.photos,False,1,1,services,1,invoke,early_return,,1,5
com.amazon.dee.app,False,1,1,duraspeed,1,array_init,early_return,,0,1
com.amazon.fv,False,1,1,services,1,invoke,early_return,,1,5
com.amazon.mShop.android,False,1,1,services,1,invoke,early_return,,1,5
com.amazon.mp3,False,1,1,services,1,invoke,early_return,,1,5
com.amazon.windowshop,False,1,1,services,1,invoke,early_return,,1,5
com.android.angryGps,False,1,1,services,1,,early_return,,0,0
com.android.apps.tag,False,1,1,framework,1,,early_return,,0,5
com.android.backupconfirm,False,2,1,services,1,invoke,early_return;string_compare,,8,9
com.android.bluetooth,False,7,3,framework;semwifi-service;services,6,field_store;invoke,allowlist_check;early_return;string_compare;system_property_read,APPOPS;PKG_MGMT;PKG_QUERY;UID_CHECK,13,435
com.android.bluetoothmidiservice,False,3,1,services,3,invoke,early_return;permission_grant;string_compare;system_property_read,APPOPS;PERM_FLAGS;PERM_GRANT;PKG_QUERY;SIG_CHECK,3,250
com.android.browser,False,2,1,knoxsdk,1,invoke,early_return,,0,15
com.android.browser.provider,False,2,1,knoxsdk,1,invoke,early_return,,0,15
com.android.calendar,False,9,3,duraspeed;framework;services,7,invoke,early_return;permission_grant;string_compare;system_property_read,APPOPS;PERM_FLAGS;PERM_GRANT;PKG_QUERY;SIG_CHECK,6,200
com.android.calllogbackup,False,1,1,services,1,invoke,early_return,,1,2
com.android.cameraextensions,False,1,1,framework,1,invoke,early_return;system_property_read,,1,15
com.android.captiveportallogin,False,1,1,services,1,,early_return,,0,0
com.android.carrierconfig,False,1,1,duraspeed,1,,early_return,,0,1
com.android.cellbroadcastreceiver,False,1,1,services,1,invoke,early_return,,1,2
com.android.certinstaller,False,5,2,framework;services,3,invoke,allowlist_check;early_return,UID_CHECK,3,48
com.android.chrome,False,12,4,duraspeed;framework;knoxsdk;services,10,array_init;invoke,early_return;string_compare;system_property_read,PKG_QUERY;UID_CHECK,10,389
com.android.companiondevicemanager,False,4,1,services,4,invoke,early_return;permission_grant;string_compare;system_property_read,APPOPS;PERM_CHECK;PERM_FLAGS;PERM_GRANT;PKG_QUERY;SIG_CHECK;UID_CHECK,3,579
com.android.contacts,False,12,2,framework;services,9,invoke,early_return;permission_grant;string_compare;system_property_read,APPOPS;PERM_FLAGS;PERM_GRANT;PKG_MGMT;PKG_QUERY;SIG_CHECK;UID_CHECK,8,328
com.android.deskclock,False,2,2,duraspeed;framework,2,invoke,early_return,,1,9
com.android.dialer,False,1,1,duraspeed,1,,early_return,,0,1
com.android.documentsui,False,2,2,duraspeed;services,2,array_init;invoke,early_return,PKG_MGMT,1,8
com.android.dynsystem,False,2,1,framework,1,invoke,early_return,,1,8
com.android.email,False,3,2,knoxsdk;services,3,invoke,early_return;string_compare;system_property_read,PERM_CHECK;PKG_QUERY,2,62
com.android.exchange,False,1,1,services,1,invoke,early_return;string_compare;system_property_read,PKG_QUERY,0,11
com.android.externalstorage,False,1,1,duraspeed,1,,early_return,,0,1
com.android.incallui,False,6,3,framework;motionrecognitionservice;services,5,invoke;unknown,early_return;string_compare,,4,20
com.android.inputdevices,False,1,1,services,1,invoke,early_return;string_compare,,2,31
com.android.keychain,False,5,3,duraspeed;framework;services,4,invoke,early_return,,1,27
com.android.keyguard,False,1,1,services,1,invoke,early_return,PKG_QUERY,1,11
com.android.localtransport,False,1,1,duraspeed,1,,early_return,,0,1
com.android.managedprovisioning,False,6,2,duraspeed;services,6,invoke,early_return;string_compare;system_property_read,PERM_CHECK;PKG_MGMT;PKG_QUERY;UID_CHECK,5,170
com.android.mms,False,7,3,duraspeed;framework;services,5,invoke;unknown,early_return;string_compare;system_property_read,PKG_QUERY,3,22
com.android.mms.service,False,1,1,services,1,invoke,early_return,,0,7
com.android.networkstack,False,1,1,services,1,invoke,early_return;string_compare,PKG_QUERY,0,99
com.android.nfc,False,6,3,com.samsung.android.nfc.mpos;framework;services,5,invoke,early_return;string_compare,,1,30
com.android.packageinstaller,False,3,2,duraspeed;services,3,array_init;invoke,early_return,PERM_CHECK;UID_CHECK,2,55
com.android.pacprocessor,False,1,1,services,1,invoke,early_return,,1,7
com.android.permissioncontroller,False,4,1,services,4,invoke,early_return,,1,3
com.android.phone,False,15,5,com.samsung.android.semtelephonesdk.framework-v1;framework;motionrecognitionservice;services;telephony-common,14,invoke,early_return;string_compare;system_property_read,APPOPS;HIDDEN_API;PERM_CHECK;PKG_MGMT;PKG_QUERY;UID_CHECK,15,1404
com.android.printspooler,False,3,1,services,3,invoke,early_return;permission_grant;string_compare;system_property_read,APPOPS;PERM_FLAGS;PERM_GRANT;PKG_QUERY;SIG_CHECK;UID_CHECK,2,338
com.android.providers.blockednumber,False,1,1,services,1,invoke,early_return,,1,2
com.android.providers.calendar,False,1,1,services,1,,early_return,,1,1
com.android.providers.contacts,False,1,1,services,1,invoke,early_return,,1,2
com.android.providers.downloads,False,2,1,services,2,array_init;invoke,early_return;string_compare,PKG_QUERY;UID_CHECK,0,384
com.android.providers.media,False,3,2,framework;services,2,invoke,early_return,,1,7
com.android.providers.media.module,False,3,1,services,3,invoke,early_return,,2,4
com.android.providers.settings,False,5,2,framework;services,5,invoke,early_return;string_compare,PKG_QUERY,12,153
com.android.providers.telephony,False,1,1,duraspeed,1,,early_return,,0,1
com.android.providers.userdictionary,False,1,1,services,1,invoke,early_return,,1,2
com.android.proxyhandler,False,3,1,services,2,invoke,early_return,,4,10
com.android.se,False,2,2,framework;org.simalliance.openmobileapi,2,invoke,early_return,,1,19
com.android.settings,False,95,6,duraspeed;framework;knoxsdk;semwifi-service;services;telephony-common,70,array_init;field_store;invoke,allowlist_check;early_return;hidden_api;string_compare;system_property_read,APPOPS;DEVICE_ID;PERM_CHECK;PKG_QUERY;SIG_CHECK;UID_CHECK,101,3497
com.android.settings.intelligence,False,4,3,knoxsdk;semwifi-service;services,4,invoke,early_return;string_compare,,4,25
com.android.sharedstoragebackup,False,8,1,services,7,field_store;invoke,allowlist_check;early_return;permission_grant;string_compare;system_property_read,APPOPS;PERM_FLAGS;PERM_GRANT;PKG_MGMT;PKG_QUERY;SIG_CHECK,13,621
com.android.shell,False,34,5,content;semwifi-service;services;telephony-common;uiautomator,18,field_store;invoke;move;unknown,allowlist_check;early_return;string_compare,APPOPS;PERM_CHECK;PKG_MGMT;PKG_QUERY;UID_CHECK,24,696
com.android.systemui,False,82,5,framework;hqm;knoxsdk;semwifi-service;services,67,array_init;field_store;invoke;unknown,allowlist_check;early_return;permission_grant;string_compare;system_property_read,APPOPS;DEVICE_ID;PERM_CHECK;PERM_FLAGS;PERM_GRANT;PERM_REVOKE;PKG_MGMT;PKG_QUERY;SIG_CHECK;UID_CHECK,95,3314
com.android.theme.color.black,False,1,1,services,1,,early_return,PKG_QUERY,1,554
com.android.theme.color.cinnamon,False,1,1,services,1,array_init,early_return,PKG_QUERY,1,554
com.android.theme.color.green,False,1,1,services,1,,early_return,PKG_QUERY,1,554
com.android.theme.color.ocean,False,1,1,services,1,,early_return,PKG_QUERY,1,554
com.android.theme.color.orchid,False,1,1,services,1,,early_return,PKG_QUERY,1,554
com.android.theme.color.purple,False,1,1,services,1,,early_return,PKG_QUERY,1,554
com.android.theme.color.space,False,1,1,services,1,,early_return,PKG_QUERY,1,554
com.android.theme.font.notoserifsource,False,1,1,services,1,,early_return,PKG_QUERY,1,554
com.android.theme.icon.roundedrect,False,1,1,services,1,array_init,early_return,PKG_QUERY,1,554
com.android.theme.icon.squircle,False,1,1,services,1,,early_return,PKG_QUERY,1,554
com.android.theme.icon.teardrop,False,1,1,services,1,,early_return,PKG_QUERY,1,554
com.android.traceur,False,2,2,framework;services,2,invoke,early_return,PKG_QUERY,1,22
com.android.vending,False,17,4,duraspeed;framework;semwifi-service;services,13,array_init;field_store;invoke,allowlist_check;early_return;installer_check;signature_check;string_compare;system_property_read,PERM_CHECK;PERM_GRANT;PKG_MGMT;PKG_QUERY;SIG_CHECK;UID_CHECK,15,1417
com.android.voicedialer,False,2,1,knoxsdk,1,invoke,early_return,,0,15
com.android.vpndialogs,False,3,2,framework;knoxsdk,2,invoke,early_return,UID_CHECK,1,29
com.android.wallpaper.livepicker,False,2,1,services,1,invoke,early_return;string_compare,CALLER_ID;PERM_CHECK;PKG_QUERY,5,637
com.android.wallpaperbackup,False,2,1,services,2,invoke,early_return;string_compare,CALLER_ID;PERM_CHECK;PKG_QUERY,3,637
com.android.webview,False,1,1,duraspeed,1,,early_return,,0,1
com.app.hero.ui,False,1,1,services,1,invoke,early_return,,1,42
com.att.eptt,False,4,1,services,2,array_init;invoke,early_return;string_compare,PKG_QUERY,3,25
com.att.iqi,False,11,3,framework;gamesdk;services,10,invoke,early_return;package_enable_disable;string_compare,APPOPS;PKG_MGMT,26,273
com.audible.application,False,1,1,services,1,invoke,early_return,,1,5
com.audiocn.kalaok,False,1,1,services,1,invoke,early_return,,1,42
com.aura.jet.att,False,1,1,services,1,invoke,early_return,PERM_FLAGS;PERM_GRANT;PKG_QUERY,1,61
com.aura.oobe.Samsung.gl,False,1,1,services,1,,early_return,,0,6
com.aura.oobe.att,False,1,1,services,1,invoke,early_return,PERM_FLAGS;PERM_GRANT;PKG_QUERY,1,61
com.aura.oobe.samsung,False,1,1,services,1,,early_return,,0,6
com.aura.oobe.samsung.gl,False,2,1,services,2,invoke,early_return;permission_grant;string_compare;system_property_read,APPOPS;PERM_FLAGS;PERM_GRANT;PKG_MGMT;PKG_QUERY;SIG_CHECK;UID_CHECK,2,365
com.autonavi.minimap,False,2,2,motionrecognitionservice;services,2,invoke,early_return;string_compare,,1,85
com.baidu.BaiduMap,False,3,2,motionrecognitionservice;services,3,invoke,early_return;string_compare,PKG_QUERY;SIG_CHECK,2,89
com.baidu.carlife,False,2,1,services,1,invoke,early_return;string_compare,,4,9
com.baidu.map.location,False,2,1,services,2,invoke,early_return,,2,6
com.baidu.navi,False,1,1,services,1,invoke,early_return;string_compare,,0,10
com.baidu.netdisk_ss,False,1,1,services,1,invoke,early_return;string_compare,PKG_QUERY;SIG_CHECK,1,4
com.belgacom.fon,False,1,1,semwifi-service,1,invoke,early_return;string_compare,PKG_QUERY,3,39
com.bell.ptt,False,4,1,services,2,array_init;invoke,early_return;string_compare,PKG_QUERY,3,25
com.bitstrips.imoji,False,1,1,services,1,invoke,early_return,,1,2
com.boostmobile.boosttv,False,1,1,services,1,invoke,early_return,,1,5
com.bsb.hike,False,1,1,services,1,,early_return;system_property_read,,1,92
com.cequint.ecid,False,4,1,services,2,invoke,early_return,PERM_FLAGS;PERM_GRANT;PKG_QUERY,2,69
com.chinamobile.cmccwifi,False,1,1,semwifi-service,1,invoke,early_return;string_compare,PKG_QUERY,3,39
com.claroColombia.contenedor,False,1,1,services,1,invoke,early_return;permission_grant;string_compare;system_property_read,APPOPS;PERM_FLAGS;PERM_GRANT;PKG_QUERY;SIG_CHECK,1,184
com.codoon.gps,False,1,1,services,1,array_init,early_return,,1,1
com.coremobility.app.vnotes,False,2,1,services,2,invoke,early_return,PERM_FLAGS;PERM_GRANT;PKG_QUERY,2,69
com.cricketwireless.thescoop,False,1,1,services,1,invoke,early_return,PERM_FLAGS;PERM_GRANT;PKG_QUERY,1,61
com.cyworld.camera,False,1,1,framework,1,field_store,early_return;string_compare;system_property_read,,0,13
com.debug.loggerui,False,2,1,duraspeed,2,invoke,early_return,,0,2
com.diotek.mini_penmemo,False,1,1,services,1,invoke,early_return,,1,13
com.diotek.sec.lookup.dictionary,False,3,1,framework,1,invoke,early_return,,2,24
com.dish.vvm,False,1,1,services,1,invoke,early_return,PERM_FLAGS;PERM_GRANT;PKG_QUERY,1,64
com.dish.wireless.activation,False,2,1,services,2,invoke,appops_set;early_return;string_compare;system_property_read,APPOPS;PERM_FLAGS;PERM_GRANT;PERM_REVOKE;PKG_MGMT;PKG_QUERY;SIG_CHECK;UID_CHECK,2,1388
com.dish.wireless.carrierapp,False,1,1,services,1,invoke,early_return,PERM_FLAGS;PERM_GRANT;PKG_QUERY,1,64
com.disney.disneyplus,False,1,1,motionrecognitionservice,1,,early_return,,1,75
com.dsi.ant.plugins.antplus,False,1,1,services,1,invoke,early_return,,1,2
com.dti.amx,False,1,1,services,1,,early_return,,0,6
com.dti.att,False,2,1,services,2,invoke,early_return,PERM_FLAGS;PERM_GRANT;PKG_QUERY,1,67
com.dti.attmx,False,1,1,services,1,,early_return,,0,6
com.dti.cricket,False,2,1,services,2,invoke,early_return,PERM_FLAGS;PERM_GRANT;PKG_QUERY,1,67
com.dti.globe,False,1,1,services,1,,early_return,,0,6
com.dti.millicom,False,1,1,services,1,,early_return,,0,6
com.dti.samsung,False,2,1,services,2,invoke,early_return;permission_grant;string_compare;system_property_read,APPOPS;PERM_FLAGS;PERM_GRANT;PKG_QUERY;SIG_CHECK,1,190
com.dti.telefonica,False,1,1,services,1,,early_return,,0,6
com.dti.tracfone,False,1,1,services,1,,early_return,,0,6
com.ebay.mobile,False,1,1,services,1,invoke,early_return,,1,5
com.eg.android.AlipayGphone,False,2,1,services,2,invoke,early_return;string_compare,UID_CHECK,3,69
com.elevenst.deals,False,1,1,framework,1,field_store,early_return;string_compare;system_property_read,,0,13
com.estsoft.alyac,False,1,1,framework,1,field_store,early_return;string_compare;system_property_read,,0,13
com.facebook.appmanager,False,1,1,services,1,invoke,early_return,,1,35
com.facebook.katana,False,5,3,duraspeed;framework;services,4,invoke,early_return;string_compare;system_property_read,,1,47
com.facebook.orca,False,6,3,framework;semwifi-service;services,5,invoke,early_return;string_compare;system_property_read,,3,169
com.facebook.pages.app,False,1,1,services,1,invoke,early_return,,1,35
com.facebook.services,False,1,1,services,1,invoke,early_return,,1,35
com.facebook.system,False,1,1,services,1,invoke,early_return,,1,35
com.familyandco.framilywall,False,1,1,services,1,invoke,early_return,,1,5
com.felicanetworks.mfm,False,2,1,services,1,invoke,allowlist_check;early_return;string_compare,PKG_MGMT;PKG_QUERY;UID_CHECK,0,656
com.frograms.wplay,False,1,1,motionrecognitionservice,1,,early_return,,1,75
com.fusionone.android.sync.vzbuaclient,False,1,1,services,1,invoke,early_return,,1,5
com.gamepass.beta,False,2,1,semwifi-service,1,invoke,early_return;string_compare,,2,14
com.google.android.apps.books,False,2,2,framework;services,2,array_init,early_return;string_compare;system_property_read,PKG_QUERY,1,188
com.google.android.apps.carrier.carrierwifi,False,2,1,semwifi-service,2,array_init,early_return;string_compare,,2,270
com.google.android.apps.docs,False,2,2,framework;services,2,,early_return;string_compare;system_property_read,,0,14
com.google.android.apps.docs.editors.docs,False,1,1,services,1,,early_return,,0,1
com.google.android.apps.docs.editors.sheets,False,1,1,services,1,,early_return,,0,1
com.google.android.apps.docs.editors.slides,False,1,1,services,1,invoke,early_return,,0,1
com.google.android.apps.dynamite,False,1,1,services,1,array_init,early_return;system_property_read,,1,92
com.google.android.apps.magazines,False,1,1,framework,1,,early_return;string_compare;system_property_read,,0,13
com.google.android.apps.maps,False,3,3,framework;motionrecognitionservice;services,3,invoke,early_return;string_compare;system_property_read,,2,114
com.google.android.apps.mapslite,False,1,1,duraspeed,1,,early_return,,0,1
com.google.android.apps.messaging,False,6,4,duraspeed;framework;services;telephony-common,5,invoke,early_return;string_compare;system_property_read,PERM_CHECK;PKG_QUERY,3,267
com.google.android.apps.photos,False,1,1,services,1,,early_return,,0,1
com.google.android.apps.photosgo,False,1,1,duraspeed,1,invoke,early_return,,0,2
com.google.android.apps.plus,False,2,2,framework;services,2,invoke,early_return;string_compare;system_property_read,,1,46
com.google.android.apps.scone,False,1,1,services,1,,early_return,,1,1
com.google.android.apps.searchlite,False,1,1,duraspeed,1,invoke,early_return,,0,2
com.google.android.apps.tachyon,False,4,1,services,4,array_init;invoke,early_return;permission_grant;string_compare;system_property_read,APPOPS;PERM_FLAGS;PERM_GRANT;PKG_QUERY;SIG_CHECK,2,263
com.google.android.apps.translate,False,4,1,framework,3,invoke,early_return,,2,46
com.google.android.apps.turbo,False,1,1,services,1,invoke,early_return,UID_CHECK,0,103
com.google.android.apps.walletnfcrel,False,1,1,framework,1,field_store,early_return;string_compare;system_property_read,,0,13
com.google.android.apps.wellbeing,False,2,1,duraspeed,2,array_init;invoke,early_return,,0,2
com.google.android.apps.work.clouddpc,False,1,1,services,1,,early_return,,1,1
com.google.android.apps.youtube.kids,False,1,1,services,1,invoke,early_return,,1,42
com.google.android.apps.youtube.mango,False,1,1,duraspeed,1,invoke,early_return,,0,2
com.google.android.as,False,1,1,services,1,invoke,early_return,,1,2
com.google.android.captiveportallogin,False,1,1,services,1,invoke,,PKG_QUERY,1,10
com.google.android.cellbroadcastreceiver,False,2,1,services,2,invoke,early_return;string_compare,,2,12
com.google.android.configupdater,False,3,1,services,2,array_init;invoke,early_return,,3,22
com.google.android.contacts,False,1,1,duraspeed,1,invoke,early_return,,0,2
com.google.android.dialer,False,1,1,duraspeed,1,invoke,early_return,,0,2
com.google.android.documentsui,False,1,1,services,1,invoke,early_return,PKG_MGMT,1,7
com.google.android.finsky,False,1,1,services,1,invoke,early_return,PERM_CHECK;PKG_MGMT;PKG_QUERY;UID_CHECK,0,87
com.google.android.gm,False,3,2,framework;services,3,invoke,early_return;string_compare;system_property_read,PERM_CHECK;PKG_MGMT;PKG_QUERY;UID_CHECK,0,111
com.google.android.gm.exchange,False,1,1,services,1,,early_return,,0,0
com.google.android.gms,False,25,5,duraspeed;framework;knoxsdk;semwifi-service;services,17,array_init;invoke,allowlist_check;early_return;package_enable_disable;permission_grant;string_compare;system_property_read,APPOPS;DEVICE_ID;PERM_CHECK;PERM_FLAGS;PERM_GRANT;PKG_MGMT;PKG_QUERY;SIG_CHECK;UID_CHECK,16,685
com.google.android.googlequicksearchbox,False,5,3,framework;knoxsdk;services,4,invoke,early_return;string_compare;system_property_read,PKG_QUERY,2,454
com.google.android.gsf,False,5,2,duraspeed;services,5,invoke,early_return;string_compare,PERM_CHECK;PKG_MGMT;PKG_QUERY;UID_CHECK,1,102
com.google.android.gsf.login,False,3,1,services,3,invoke,early_return,PERM_CHECK;PKG_MGMT;PKG_QUERY;UID_CHECK,1,90
com.google.android.ims,False,3,2,services;telephony-common,3,invoke,early_return;string_compare,PERM_CHECK,2,113
com.google.android.marvin.talkback,False,1,1,framework,1,,early_return,,0,5
com.google.android.music,False,2,2,framework;services,2,,early_return;string_compare;system_property_read,,0,14
com.google.android.overlay.gmsconfig.geotz,False,2,1,services,2,invoke,early_return,,1,2
com.google.android.overlay.modules.modulemetadata.forframework,False,3,1,services,3,array_init;invoke,early_return,,1,3
com.google.android.overlay.modules.permissioncontroller,False,2,1,services,2,invoke,early_return,,1,3
com.google.android.overlay.modules.permissioncontroller.forframework,False,2,1,services,2,invoke,early_return,,1,3
com.google.android.packageinstaller,False,8,2,duraspeed;services,7,array_init;invoke,early_return;signature_check;string_compare;system_property_read,PERM_CHECK;PKG_QUERY;UID_CHECK,7,861
com.google.android.partnersetup,False,1,1,services,1,invoke,early_return;string_compare,PERM_CHECK;PKG_MGMT;UID_CHECK,1,345
com.google.android.permissioncontroller,False,3,1,services,3,invoke,early_return;string_compare,UID_CHECK,4,480
com.google.android.play.games,False,1,1,framework,1,,early_return;string_compare;system_property_read,,0,13
com.google.android.projection.gearhead,False,10,2,semwifi-service;services,7,array_init;invoke,early_return;string_compare,APPOPS;PKG_MGMT;PKG_QUERY;SIG_CHECK;UID_CHECK,12,1113
com.google.android.providers.media.module,False,9,3,framework;services;ssrm,9,invoke,early_return;string_compare,PKG_QUERY,11,74
com.google.android.setupwizard,False,7,3,duraspeed;semwifi-service;services,6,array_init;invoke,early_return;string_compare,PERM_CHECK;PKG_MGMT;PKG_QUERY;UID_CHECK,2,139
com.google.android.syncadapters.calendar,False,1,1,services,1,array_init,early_return,,0,0
com.google.android.talk,False,2,2,framework;services,2,,early_return;string_compare;system_property_read,,1,101
com.google.android.trichromelibrary,False,2,1,framework,1,,early_return,,2,18
com.google.android.videos,False,3,2,framework;services,3,array_init,early_return;string_compare;system_property_read,PKG_QUERY,1,189
com.google.android.webview,False,7,3,duraspeed;framework;services,4,array_init;invoke,early_return,,3,20
com.google.android.youtube,False,9,4,framework;knoxsdk;motionrecognitionservice;services,8,invoke,early_return;string_compare;system_property_read,PKG_QUERY;UID_CHECK,8,410
com.gotv.nflgamecenter.us.lite,False,1,1,services,1,invoke,early_return,,1,5
com.hancom.office.editor,False,1,1,framework,1,,early_return;string_compare;system_property_read,,0,13
com.handmark.expressweather,False,1,1,services,1,invoke,early_return,,1,5
com.iloen.melon,False,2,2,framework;services,2,field_store;invoke,early_return;string_compare;system_property_read,,1,17
com.iloen.melon.tablet,False,1,1,services,1,invoke,early_return,,1,5
com.imdb.mobile,False,1,1,services,1,invoke,early_return,,1,5
com.imo.android.imoim,False,1,1,semwifi-service,1,array_init,early_return,,0,5
com.infraware.polarisoffice4,False,1,1,framework,1,invoke,early_return;string_compare,PKG_QUERY,1,106
com.infraware.polarisoffice5,False,2,1,framework,2,invoke,early_return;string_compare;system_property_read,PKG_QUERY,1,117
com.infraware.polarisoffice5tablet,False,1,1,framework,1,invoke,early_return;string_compare,PKG_QUERY,1,106
com.infraware.polarisviewer4,False,1,1,framework,1,invoke,early_return;string_compare,PKG_QUERY,1,106
com.infraware.polarisviewer5,False,1,1,framework,1,invoke,early_return;string_compare,PKG_QUERY,1,106
com.inisoft.mediaplayer,False,1,1,services,1,,early_return;string_compare,PKG_QUERY,1,179
com.instagram.android,False,2,2,framework;services,2,invoke,early_return;string_compare;system_property_read,,1,46
com.ironsource.appcloud.oobe,False,1,1,services,1,invoke,early_return,PERM_FLAGS;PERM_GRANT;PKG_QUERY,1,64
com.ironsrc.aura.tmo,False,2,1,services,1,invoke,early_return,PERM_FLAGS;PERM_GRANT;PKG_QUERY,1,61
com.jingdong.app.mall,False,1,1,services,1,invoke,early_return;string_compare,,2,12
com.kakao.talk,False,5,2,semwifi-service;services,4,invoke,early_return;string_compare;system_property_read,UID_CHECK,5,192
com.kakao.taxi,False,1,1,motionrecognitionservice,1,,early_return,,1,75
com.kddi.android.au_wifi_connect,False,1,1,semwifi-service,1,invoke,early_return;string_compare,PKG_QUERY,3,39
com.kddi.android.au_wifi_connect2,False,1,1,semwifi-service,1,invoke,early_return;string_compare,PKG_QUERY,3,39
com.kddi.android.videopass,False,1,1,framework,1,field_store,early_return;string_compare;system_property_read,,0,13
com.kddi.extcontroldevice,False,1,1,framework,1,invoke,early_return,UID_CHECK,2,2
com.kibey.echo,False,1,1,services,1,invoke,early_return,,1,42
com.knox.vpn.proxyhandler,False,3,1,services,2,invoke,allowlist_check;early_return;string_compare,PKG_QUERY,3,130
com.kt.accessory,False,1,1,framework,1,field_store,early_return;string_compare;system_property_read,,0,13
com.kt.aljjapackplus,False,1,1,framework,1,field_store,early_return;string_compare;system_property_read,,0,13
com.kt.android.showtouch,False,1,1,framework,1,field_store,early_return;string_compare;system_property_read,,0,13
com.kt.apptong,False,1,1,framework,1,field_store,early_return;string_compare;system_property_read,,0,13
com.kt.bellringolleh,False,1,1,framework,1,field_store,early_return;string_compare;system_property_read,,0,13
com.kt.ollehfamilybox,False,1,1,framework,1,field_store,early_return;string_compare;system_property_read,,0,13
com.kt.otv,False,1,1,framework,1,field_store,early_return;string_compare;system_property_read,,0,13
com.kt.shodoc,False,1,1,framework,1,field_store,early_return;string_compare;system_property_read,,0,13
com.ktcs.whowho,False,1,1,framework,1,field_store,early_return;string_compare;system_property_read,,0,13
com.kth.kshop,False,1,1,framework,1,field_store,early_return;string_compare;system_property_read,,0,13
com.ktmusic.geniemusic,False,1,1,framework,1,field_store,early_return;string_compare;system_property_read,,0,13
com.ktshow.cs,False,1,1,framework,1,field_store,early_return;string_compare;system_property_read,,0,13
com.lgt.tmoney,False,1,1,framework,1,field_store,early_return;string_compare;system_property_read,,0,13
com.lguplus.homeiot,False,1,1,framework,1,field_store,early_return;string_compare;system_property_read,,0,13
com.lguplus.ltealive,False,1,1,framework,1,field_store,early_return;string_compare;system_property_read,,0,13
com.lguplus.mobile.cs,False,1,1,framework,1,field_store,early_return;string_compare;system_property_read,,0,13
com.lguplus.navi,False,2,2,framework;motionrecognitionservice,2,field_store,early_return;string_compare;system_property_read,,1,84
com.lguplus.paynow,False,1,1,framework,1,field_store,early_return;string_compare;system_property_read,,0,13
com.lguplus.smartotp,False,1,1,framework,1,field_store,early_return;string_compare;system_property_read,,0,13
com.livewiremobile.musicstore.boost,False,1,1,services,1,invoke,early_return,,1,5
com.livewiremobile.musicstore.vmu,False,1,1,services,1,invoke,early_return,,1,5
com.mapbar.android.mapbarmap,False,1,1,services,1,invoke,early_return;string_compare,,0,10
com.mcafee.vsm_android_dcm,False,1,1,services,1,invoke,early_return,,1,5
com.mediatek.atci.service,False,1,1,duraspeed,1,,early_return,,0,1
com.mediatek.callrecorder,False,1,1,duraspeed,1,,early_return,,0,1
com.mediatek.duraspeed,False,2,1,duraspeed,2,invoke,early_return,,0,2
com.mediatek.engineermode,False,1,1,duraspeed,1,invoke,early_return,,0,2
com.mediatek.gnssdebugreport,False,1,1,mediatek-framework,1,invoke,early_return,,0,3
com.mediatek.ims,False,1,1,duraspeed,1,,early_return,,0,1
com.mediatek.ppl,False,1,1,duraspeed,1,,early_return,,0,1
com.mediatek.simprocessor,False,1,1,duraspeed,1,,early_return,,0,1
com.metropcs.metrozone,False,1,1,services,1,invoke,early_return,PERM_FLAGS;PERM_GRANT;PKG_QUERY,1,61
com.miHoYo.GenshinImpact,False,1,1,services,1,invoke,early_return,,1,42
com.miHoYo.Yuanshen,False,1,1,services,1,invoke,early_return,,1,42
com.michong.haochang,False,1,1,services,1,invoke,early_return,,1,42
com.microsoft.appmanager,False,2,2,semwifi-service;services,2,invoke,early_return;string_compare,,1,86
com.microsoft.office.excel,False,2,2,framework;services,2,,early_return;string_compare;system_property_read,,0,14
com.microsoft.office.onenote,False,1,1,framework,1,,early_return;string_compare;system_property_read,,0,13
com.microsoft.office.powerpoint,False,2,2,framework;services,2,,early_return;string_compare;system_property_read,,0,14
com.microsoft.office.word,False,2,2,framework;services,2,,early_return;string_compare;system_property_read,,0,14
com.microsoft.skydrive,False,2,2,framework;services,2,invoke,early_return;string_compare;system_property_read,,1,46
com.microsoft.xcloud,False,1,1,semwifi-service,1,invoke,early_return,,1,34
com.mnet.app,False,1,1,framework,1,field_store,early_return;string_compare;system_property_read,,0,13
com.mobileposse.client,False,1,1,services,1,invoke,early_return,,1,5
com.mobilesrepublic.appygeek,False,1,1,services,1,invoke,early_return,,1,35
com.mobiletools.systemhelper,False,1,1,services,1,invoke,early_return;permission_grant;string_compare;system_property_read,APPOPS;PERM_FLAGS;PERM_GRANT;PKG_QUERY;SIG_CHECK,1,184
com.moent.vas,False,1,1,framework,1,field_store,early_return;string_compare;system_property_read,,0,13
com.monotype.android.font.cooljazz,False,1,1,framework,1,invoke,early_return;string_compare,PKG_QUERY,1,25
com.monotype.android.font.droidserifitalic,False,4,2,framework;services,4,invoke,early_return;string_compare,PKG_QUERY,4,83
com.monotype.android.font.foundation,False,2,2,framework;services,2,invoke,early_return;string_compare,PKG_QUERY,2,40
com.monotype.android.font.samsungone,False,4,2,framework;services,2,invoke,early_return;string_compare,PKG_QUERY,5,57
com.motricity.verizon.ssodownloadable,False,2,1,services,1,invoke,early_return,PERM_FLAGS;PERM_GRANT;PKG_QUERY,1,61
com.mtelo.ktAPP,False,1,1,framework,1,field_store,early_return;string_compare;system_property_read,,0,13
com.mxtech.videoplayer.ad,False,1,1,services,1,invoke,early_return,,1,42
com.nascar.nascarmobile,False,1,1,services,1,invoke,early_return,,1,5
com.nate.android.portalmini,False,1,1,framework,1,field_store,early_return;string_compare;system_property_read,,0,13
com.navitime.local.naviwalk,False,1,1,framework,1,field_store,early_return;string_compare;system_property_read,,0,13
com.nbadigital.gametimelite,False,1,1,services,1,invoke,early_return,,1,5
com.ncsoft.lineagew,False,1,1,services,1,invoke,early_return,,1,42
com.netease.cloudmusic,False,1,1,services,1,invoke,early_return,,1,42
com.netease.karaoke,False,1,1,services,1,invoke,early_return,,1,42
com.netflix.mediaclient,False,1,1,motionrecognitionservice,1,,early_return,,1,75
com.nextradioapp.nextradio,False,1,1,services,1,invoke,early_return,,1,5
com.nhn.android.naverplayer,False,1,1,services,1,,early_return;string_compare,PKG_QUERY,1,179
com.nhn.android.nmap,False,2,2,motionrecognitionservice;services,2,invoke,early_return,,2,80
com.nttdocomo.android.dhome,False,2,2,framework;services,2,array_init,allowlist_check;early_return,PKG_QUERY,1,21
com.nttdocomo.android.dpoint,False,1,1,framework,1,field_store,early_return;string_compare;system_property_read,,0,13
com.nttdocomo.android.homezozo,False,2,2,framework;services,2,array_init,allowlist_check;early_return,PKG_QUERY,1,21
com.nttdocomo.android.moneyrecord,False,1,1,framework,1,field_store,early_return;string_compare;system_property_read,,0,13
com.nttdocomo.android.msg,False,2,1,framework,1,invoke,early_return;string_compare,PKG_QUERY,1,50
com.nttdocomo.android.phonemotion,False,1,1,services,1,invoke,early_return;string_compare,,2,3
com.nttdocomo.android.photocollection,False,1,1,framework,1,field_store,early_return;string_compare;system_property_read,,0,13
com.nttdocomo.android.remotelock,False,1,1,services,1,invoke,early_return;string_compare;system_property_read,PKG_QUERY,0,11
com.nttdocomo.android.voicetranslation,False,1,1,framework,1,field_store,early_return;string_compare;system_property_read,,0,13
com.nttdocomo.android.wipe,False,1,1,services,1,invoke,early_return;string_compare;system_property_read,PKG_QUERY,0,11
com.oculus.horizon,False,1,1,framework,1,field_store,early_return;string_compare;system_property_read,,0,13
com.olleh.android.oc2,False,1,1,framework,1,field_store,early_return;string_compare;system_property_read,,0,13
com.olleh.webtoon,False,1,1,framework,1,field_store,early_return;string_compare;system_property_read,,0,13
com.osp.app.signin,False,16,2,semwifi-service;services,11,field_store;invoke,early_return;string_compare,PKG_QUERY;SIG_CHECK;UID_CHECK,14,51
com.ovital.ovitalMap,False,1,1,services,1,invoke,early_return;string_compare,,0,10
com.paypal.android.p2pmobile,False,1,1,services,1,invoke,early_return;string_compare,,1,2
com.pg.gom,False,1,1,services,1,,early_return;string_compare,PKG_QUERY,1,179
com.plarium.mechlegion,False,1,1,services,1,invoke,early_return,,1,42
com.privacystar.android.spg,False,1,1,services,1,invoke,early_return,,1,5
com.qihoo.security,False,1,1,services,1,invoke,early_return,,1,5
com.qualcomm.ltebc_vzw,False,1,1,services,1,invoke,early_return,PERM_FLAGS;PERM_GRANT;PKG_QUERY,1,61
com.qualcomm.qti.services.secureui,False,3,2,service-samsung-payment;services,2,invoke,early_return,,2,4
com.riotgames.league.teamfighttactics,False,1,1,services,1,invoke,early_return,,1,42
com.rsupport.rs.activity.ntt,False,1,1,services,1,invoke,early_return,,1,5
com.samsung.accessibility,False,10,3,framework;knoxsdk;services,10,invoke,early_return;string_compare,,12,70
com.samsung.accessory,False,1,1,services,1,array_init,early_return,,0,1
com.samsung.adaptivebrightnessgo,False,7,3,framework;motionrecognitionservice;services,6,array_init;invoke,early_return;string_compare,,3,79
com.samsung.advancedcalling,False,2,1,framework,1,,early_return,,0,5
com.samsung.advp.imssettings,False,1,1,services,1,invoke,early_return,,1,2
com.samsung.android,False,1,1,framework,1,invoke,early_return,,1,0
com.samsung.android.MtpApplication,False,2,2,framework;services,2,invoke,early_return,,1,6
com.samsung.android.SettingsReceiver,False,5,4,framework;knoxsdk;semwifi-service;services,5,invoke,early_return;string_compare,UID_CHECK,4,286
com.samsung.android.accessibility.talkback,False,2,1,services,1,invoke,early_return,PKG_QUERY;UID_CHECK,2,30
com.samsung.android.alive.service,False,1,1,services,1,invoke,early_return;permission_grant;string_compare;system_property_read,APPOPS;PERM_FLAGS;PERM_GRANT;PKG_QUERY;SIG_CHECK,1,184
com.samsung.android.allshare.service.fileshare,False,4,1,framework,3,invoke,early_return;string_compare,,4,35
com.samsung.android.allshare.service.mediashare,False,4,1,framework,3,invoke,early_return;string_compare,,4,35
com.samsung.android.app.airwakeupview,False,1,1,services,1,invoke,early_return,,1,39
com.samsung.android.app.aodservice,False,6,3,framework;semwifi-service;services,5,invoke,allowlist_check;early_return;string_compare,UID_CHECK,4,310
com.samsung.android.app.appsedge,False,7,2,framework;services,6,array_init;invoke,early_return,PKG_QUERY,5,79
com.samsung.android.app.bikemode,False,1,1,framework,1,field_store,early_return,,1,1
com.samsung.android.app.clipboardedge,False,1,1,framework,1,,early_return,,0,5
com.samsung.android.app.clockface,False,1,1,services,1,invoke,early_return;string_compare,,0,1
com.samsung.android.app.cocktailbarservice,False,11,2,framework;services,8,array_init;invoke,early_return;string_compare,APPOPS;PKG_QUERY;UID_CHECK,8,481
com.samsung.android.app.contacts,False,1,1,services,1,,early_return,,1,1
com.samsung.android.app.dressroom,False,6,2,framework;services,4,invoke,early_return;string_compare,APPOPS;PERM_CHECK;PKG_QUERY;UID_CHECK,4,579
com.samsung.android.app.dtv.dmb,False,1,1,framework,1,invoke,early_return,,1,2
com.samsung.android.app.galaxyfinder,False,2,1,services,2,invoke,early_return;permission_grant;string_compare;system_property_read,APPOPS;PERM_FLAGS;PERM_GRANT;PKG_QUERY;SIG_CHECK,2,185
com.samsung.android.app.galaxylabs,False,1,1,framework,1,,early_return,,0,5
com.samsung.android.app.galaxyregistry,False,3,1,services,1,invoke,early_return,PKG_QUERY;SIG_CHECK,3,17
com.samsung.android.app.goodcatch,False,2,1,services,2,invoke,early_return;string_compare,,1,39
com.samsung.android.app.homestar,False,1,1,framework,1,invoke,,,0,12
com.samsung.android.app.kfa,False,2,2,knoxsdk;services,2,array_init;invoke,early_return;string_compare;system_property_read,PKG_QUERY,10,16
com.samsung.android.app.ledbackcover,False,2,1,services,1,invoke,early_return,PKG_QUERY,3,18
com.samsung.android.app.ledcoverdream,False,2,1,services,1,invoke,early_return,PKG_QUERY,3,18
com.samsung.android.app.memo,False,1,1,framework,1,,early_return;string_compare;system_property_read,,0,13
com.samsung.android.app.mhswrappertmo,False,1,1,semwifi-service,1,invoke,early_return;string_compare,,0,151
com.samsung.android.app.mirrorlink,False,2,1,semwifi-service,2,array_init,early_return;string_compare,,2,270
com.samsung.android.app.mobiledoctor,False,2,1,services,2,invoke,early_return;string_compare,PKG_QUERY;SIG_CHECK,1,21
com.samsung.android.app.notes,False,6,2,framework;services,5,array_init;invoke,early_return;string_compare;system_property_read,PKG_QUERY,5,45
com.samsung.android.app.omcagent,False,1,1,framework,1,invoke,early_return,,1,2
com.samsung.android.app.reminder,False,7,1,services,2,invoke,early_return;permission_grant;string_compare;system_property_read,APPOPS;PERM_CHECK;PERM_FLAGS;PERM_GRANT;PKG_QUERY;SIG_CHECK;UID_CHECK,14,666
com.samsung.android.app.repaircal,False,1,1,services,1,invoke,early_return;string_compare,PKG_QUERY;SIG_CHECK,0,13
com.samsung.android.app.routines,False,5,3,framework;semwifi-service;services,5,invoke,early_return;string_compare,,5,272
com.samsung.android.app.shareaccessibilitysettings,False,1,1,framework,1,,early_return,,0,5
com.samsung.android.app.sharelive,False,3,1,framework,2,invoke,early_return;string_compare,PKG_QUERY,3,59
com.samsung.android.app.simplesharing,False,2,1,framework,2,invoke,early_return;string_compare;system_property_read,PKG_QUERY,0,19
com.samsung.android.app.smartcapture,False,3,2,framework;knoxsdk,3,invoke,early_return,,2,8
com.samsung.android.app.smartscan,False,3,2,knoxsdk;services,3,array_init;invoke,early_return;string_compare;system_property_read,PKG_QUERY,1,19
com.samsung.android.app.spage,False,1,1,services,1,array_init,early_return,,0,6
com.samsung.android.app.sprotect,False,2,1,services,2,invoke,early_return;string_compare,PKG_MGMT;PKG_QUERY,3,126
com.samsung.android.app.taskedge,False,1,1,services,1,,early_return,,0,6
com.samsung.android.app.telephonyui,False,13,4,framework;knoxsdk;services;telephony-common,12,invoke,allowlist_check;early_return;string_compare;system_property_read,APPOPS;PKG_QUERY;UID_CHECK,9,922
com.samsung.android.app.tips,False,9,1,services,7,invoke,early_return;permission_grant;string_compare;system_property_read,APPOPS;PERM_FLAGS;PERM_GRANT;PKG_QUERY;SIG_CHECK,3,275
com.samsung.android.app.vrsetupwizard,False,1,1,framework,1,field_store,early_return;string_compare;system_property_read,,0,13
com.samsung.android.app.watchmanager,False,2,2,framework;services,2,field_store,early_return;string_compare;system_property_read,,1,20
com.samsung.android.app.watchmanager2,False,1,1,services,1,,,,1,7
com.samsung.android.app.watchmanagerstub,False,1,1,services,1,,early_return,PKG_MGMT,2,0
com.samsung.android.appbooster,False,2,1,services,2,invoke,early_return;string_compare,APPOPS;PERM_CHECK;PKG_QUERY;UID_CHECK,2,1134
com.samsung.android.applock,False,4,1,services,3,invoke,early_return;installer_check;string_compare,APPOPS;PERM_CHECK;PKG_MGMT;PKG_QUERY;SIG_CHECK;UID_CHECK,6,2129
com.samsung.android.appseparation,False,9,1,services,3,invoke,allowlist_check;early_return;string_compare,PKG_MGMT;PKG_QUERY;SIG_CHECK;UID_CHECK,8,715
com.samsung.android.asksmanager,False,1,1,services,1,,early_return,PKG_MGMT,2,0
com.samsung.android.audiomirroring,False,1,1,services,1,invoke,early_return;string_compare,,3,56
com.samsung.android.authfw,False,1,1,services,1,,early_return,,1,1
com.samsung.android.aware.service,False,1,1,semwifi-service,1,invoke,early_return,,0,19
com.samsung.android.bbc.bbcagent,False,1,1,services,1,invoke,early_return;string_compare,PKG_QUERY;UID_CHECK,1,112
com.samsung.android.bbc.fileprovider,False,1,1,services,1,invoke,allowlist_check;early_return;string_compare,PKG_MGMT;PKG_QUERY;UID_CHECK,0,656
com.samsung.android.beaconmanager,False,1,1,services,1,invoke,early_return;permission_grant;string_compare;system_property_read,APPOPS;PERM_FLAGS;PERM_GRANT;PKG_QUERY;SIG_CHECK,1,184
com.samsung.android.bio.face.service,False,1,1,services,1,invoke,early_return,,1,52
com.samsung.android.biometrics.app.setting,False,1,1,services,1,invoke,early_return,,1,15
com.samsung.android.bixby.agent,False,5,1,services,5,invoke,early_return;permission_grant;string_compare;system_property_read,APPOPS;PERM_FLAGS;PERM_GRANT;PKG_MGMT;PKG_QUERY;SIG_CHECK;UID_CHECK,3,377
com.samsung.android.bixby.es.globalaction,False,1,1,services,1,,early_return,,0,6
com.samsung.android.bixby.plmsync,False,1,1,services,1,,early_return,,0,6
com.samsung.android.bixby.voiceinput,False,1,1,services,1,,early_return,,0,6
com.samsung.android.bixby.wakeup,False,2,1,services,2,invoke,early_return;string_compare,,2,62
com.samsung.android.bixbytouch,False,3,1,framework,3,invoke,early_return,PKG_QUERY,0,33
com.samsung.android.bluelightfilter,False,2,1,services,2,invoke,early_return;string_compare,,4,70
com.samsung.android.brightnessbackupservice,False,1,1,services,1,invoke,early_return;string_compare,,0,7
com.samsung.android.calendar,False,10,2,framework;services,5,invoke,early_return;permission_grant;string_compare;system_property_read,APPOPS;PERM_CHECK;PERM_FLAGS;PERM_GRANT;PKG_QUERY;SIG_CHECK;UID_CHECK,15,672
com.samsung.android.carlink,False,5,1,services,3,invoke,early_return;string_compare,,4,14
com.samsung.android.cidmanager,False,1,1,services,1,,early_return,PKG_MGMT,2,0
com.samsung.android.cmfa.framework,False,1,1,services,1,unknown,,,0,0
com.samsung.android.contacts,False,3,2,framework;services,3,invoke,early_return;string_compare;system_property_read,PKG_MGMT,1,53
com.samsung.android.container,False,2,1,services,2,invoke,early_return,,2,143
com.samsung.android.da.daagent,False,11,2,framework;services,6,invoke,early_return;hidden_api;string_compare,APPOPS;NETWORK;PERM_CHECK;PKG_MGMT;PKG_QUERY;SIG_CHECK;UID_CHECK,9,2685
com.samsung.android.dck.timesync,False,1,1,services,1,invoke,early_return;permission_grant;string_compare;system_property_read,APPOPS;PERM_FLAGS;PERM_GRANT;PKG_QUERY;SIG_CHECK,1,184
com.samsung.android.dialer,False,10,2,framework;services,8,invoke,allowlist_check;early_return;permission_grant;string_compare;system_property_read,APPOPS;DEVICE_ID;PERM_FLAGS;PERM_GRANT;PKG_QUERY;SIG_CHECK;UID_CHECK,10,395
com.samsung.android.dqagent,False,5,2,hqm;services,4,array_init;field_store;invoke,early_return,,3,17
com.samsung.android.dsms,False,2,1,framework,2,invoke,early_return,,2,39
com.samsung.android.dynamiclock,False,3,2,framework;services,2,invoke,early_return,,1,7
com.samsung.android.easysetup,False,1,1,services,1,,early_return,,1,1
com.samsung.android.email.composer,False,1,1,services,1,array_init,early_return,,0,0
com.samsung.android.email.provider,False,10,2,framework;services,8,array_init;invoke;unknown,early_return;string_compare;system_property_read,DEVICE_ID;PERM_CHECK;PKG_QUERY;UID_CHECK,27,248
com.samsung.android.email.sync,False,2,1,services,2,array_init;invoke,early_return,,1,5
com.samsung.android.email.ui,False,1,1,services,1,array_init,early_return,,0,0
com.samsung.android.email.widget,False,1,1,services,1,array_init,early_return,,0,0
com.samsung.android.emergency,False,1,1,services,1,invoke,string_compare,,1,5
com.samsung.android.fast,False,7,2,framework;services,5,array_init;invoke,early_return;permission_grant;string_compare;system_property_read,APPOPS;PERM_FLAGS;PERM_GRANT;PKG_QUERY;SIG_CHECK,8,207
com.samsung.android.fingerprint.service,False,1,1,services,1,invoke,early_return;string_compare,,2,58
com.samsung.android.fmm,False,2,2,framework;services,2,invoke,early_return,,1,10
com.samsung.android.focus,False,3,1,services,1,invoke,string_compare,PERM_CHECK;PKG_QUERY;UID_CHECK,2,201
com.samsung.android.forest,False,5,2,framework;services,4,invoke,early_return;string_compare,UID_CHECK,6,269
com.samsung.android.galaxycontinuity,False,1,1,semwifi-service,1,invoke,early_return,,0,37
com.samsung.android.game.gamehome,False,10,2,framework;gamemanager,7,field_store;invoke,early_return;string_compare;system_property_read,PKG_QUERY;UID_CHECK,10,271
com.samsung.android.game.gamelab,False,1,1,services,1,invoke,early_return,,1,2
com.samsung.android.game.gametools,False,12,2,gamemanager;services,6,invoke,early_return;string_compare,PKG_QUERY;UID_CHECK,14,281
com.samsung.android.game.gos,False,21,2,gamemanager;services,14,invoke,early_return;string_compare,NETWORK;PKG_QUERY;UID_CHECK,20,394
com.samsung.android.gear360manager,False,1,1,framework,1,field_store,early_return;string_compare;system_property_read,,0,13
com.samsung.android.globalroaming,False,1,1,framework,1,field_store,early_return;string_compare;system_property_read,,0,13
com.samsung.android.hmt.vrsvc,False,13,2,framework;services,5,invoke,early_return;identity_read;string_compare,DEVICE_ID;PKG_QUERY;SIG_CHECK,5,90
com.samsung.android.homemode,False,6,1,services,4,array_init;invoke,early_return;permission_grant;string_compare;system_property_read,APPOPS;PERM_FLAGS;PERM_GRANT;PKG_QUERY;SIG_CHECK;UID_CHECK,3,345
com.samsung.android.honeyboard,False,21,3,framework;knoxsdk;services,16,array_init;invoke,early_return;string_compare,PKG_QUERY;UID_CHECK,18,621
com.samsung.android.hostmanager,False,1,1,knoxsdk,1,array_init,early_return,,0,0
com.samsung.android.incallui,False,6,2,framework;services,6,invoke,early_return;string_compare,UID_CHECK,5,54
com.samsung.android.inputshare,False,2,1,services,2,invoke,early_return,,2,29
com.samsung.android.ipsgeofence,False,1,1,services,1,invoke,early_return;permission_grant;string_compare;system_property_read,PERM_CHECK;PERM_FLAGS;PERM_GRANT;PKG_QUERY,1,111
com.samsung.android.kgclient,False,27,2,framework;services,12,array_init;invoke,allowlist_check;appops_set;early_return;package_enable_disable;string_compare;system_property_read,APPOPS;PERM_CHECK;PKG_MGMT;PKG_QUERY;SIG_CHECK;UID_CHECK,20,656
com.samsung.android.knox.analytics.uploader,False,4,2,framework;services,3,field_store;invoke,early_return;string_compare;system_property_read,,6,22
com.samsung.android.knox.attestation,False,3,3,framework;knoxsdk;services,3,invoke,early_return;string_compare,UID_CHECK,2,14
com.samsung.android.knox.containeragent,False,22,2,framework;services,10,array_init;invoke,allowlist_check;early_return;package_enable_disable;string_compare;system_property_read,PKG_MGMT;PKG_QUERY;SIG_CHECK;UID_CHECK,7,896
com.samsung.android.knox.containercore,False,25,2,framework;services,18,array_init;field_store;invoke;unknown,early_return;package_enable_disable;string_compare;system_property_read,HIDDEN_API;PERM_CHECK;PKG_MGMT;PKG_QUERY;SIG_CHECK;UID_CHECK,26,1348
com.samsung.android.knox.containerdesktop,False,1,1,services,1,invoke,early_return;string_compare,,0,0
com.samsung.android.knox.dai,False,1,1,services,1,array_init,early_return;string_compare;system_property_read,PKG_QUERY,0,11
com.samsung.android.knox.kam,False,1,1,knoxsdk,1,invoke,early_return,,1,2
com.samsung.android.knox.kam.demo,False,1,1,knoxsdk,1,invoke,early_return,,1,2
com.samsung.android.knox.kpecore,False,14,2,knoxsdk;services,7,array_init;invoke,allowlist_check;early_return;string_compare;system_property_read,PERM_CHECK;PKG_QUERY;SIG_CHECK;UID_CHECK,8,203
com.samsung.android.knox.kpu,False,9,2,knoxsdk;services,6,array_init;invoke;unknown,early_return;string_compare;system_property_read,PERM_CHECK;PKG_QUERY,14,90
com.samsung.android.knox.kpu.beta,False,1,1,services,1,invoke,,PKG_QUERY,1,3
com.samsung.android.knox.kpu.demo,False,2,1,services,2,invoke,early_return;string_compare;system_property_read,PKG_QUERY,1,6
com.samsung.android.knox.kpu.poc,False,2,1,services,2,invoke,early_return;string_compare;system_property_read,PKG_QUERY,1,6
com.samsung.android.knox.mpos,False,1,1,services,1,invoke,early_return;string_compare,PKG_QUERY;UID_CHECK,3,7
com.samsung.android.knox.pushmanager,False,2,2,knoxsdk;services,2,invoke,early_return;string_compare,,6,12
com.samsung.android.localeoverlaymanager,False,7,2,framework;services,6,array_init;invoke,early_return,APPOPS;PKG_MGMT;PKG_QUERY;UID_CHECK,5,492
com.samsung.android.location,False,1,1,framework,1,invoke,,,2,3
com.samsung.android.lool,False,11,3,framework;hcm;services,9,invoke,early_return;string_compare;system_property_read,PKG_MGMT;PKG_QUERY,19,389
com.samsung.android.lwe,False,2,1,framework,1,invoke,early_return,PKG_QUERY;SIG_CHECK,2,12
com.samsung.android.mateagent,False,5,2,framework;services,4,invoke,early_return;system_property_read,,2,45
com.samsung.android.mcfds,False,14,1,services,7,invoke,early_return;permission_grant;string_compare;system_property_read,APPOPS;PERM_FLAGS;PERM_GRANT;PKG_QUERY;SIG_CHECK,14,270
com.samsung.android.mcfserver,False,15,3,mcfsdk;semwifi-service;services,6,invoke,early_return;permission_grant;string_compare;system_property_read,APPOPS;PERM_CHECK;PERM_FLAGS;PERM_GRANT;PKG_QUERY;SIG_CHECK,8,206
com.samsung.android.mdecservice,False,1,1,services,1,invoke,early_return,PKG_QUERY,1,4
com.samsung.android.mdm,False,7,1,services,3,invoke,early_return;string_compare,PERM_CHECK;PERM_GRANT;PKG_QUERY;UID_CHECK,8,270
com.samsung.android.mdx,False,2,1,services,1,invoke,early_return;string_compare,,2,24
com.samsung.android.mdx.kit,False,3,2,semwifi-service;services,3,invoke,early_return;permission_grant;string_compare;system_property_read,APPOPS;PERM_FLAGS;PERM_GRANT;PKG_QUERY;SIG_CHECK,4,188
com.samsung.android.mdx.quickboard,False,1,1,services,1,invoke,early_return;permission_grant;string_compare;system_property_read,APPOPS;PERM_FLAGS;PERM_GRANT;PKG_QUERY;SIG_CHECK,1,184
com.samsung.android.memoryguardian,False,1,1,services,1,invoke,early_return;string_compare,,1,15
com.samsung.android.messaging,False,13,2,framework;services,12,array_init;invoke,allowlist_check;early_return;permission_grant;string_compare;system_property_read,APPOPS;DEVICE_ID;PERM_FLAGS;PERM_GRANT;PKG_QUERY;SIG_CHECK;UID_CHECK,12,509
com.samsung.android.mobileservice,False,3,1,semwifi-service,3,invoke,early_return;identity_read;string_compare,DEVICE_ID;PERM_CHECK;PKG_QUERY;UID_CHECK,1,222
com.samsung.android.mtp,False,2,1,services,2,invoke,early_return;string_compare,,1,125
com.samsung.android.multistar,False,2,1,services,2,array_init,early_return,PERM_CHECK;UID_CHECK,13,19
com.samsung.android.nearby.mediaserver,False,1,1,framework,1,invoke,early_return,,0,4
com.samsung.android.net.wifi.wifiguider,False,2,1,semwifi-service,2,invoke,early_return,,2,13
com.samsung.android.networkdiagnostic,False,3,2,services;telephony-common,2,invoke,early_return;permission_grant;string_compare;system_property_read,PERM_CHECK;PERM_FLAGS;PERM_GRANT;PKG_QUERY,3,154
com.samsung.android.oneconnect,False,12,3,framework;semwifi-service;services,10,array_init;field_store;invoke,early_return;string_compare;system_property_read,PKG_QUERY;UID_CHECK,10,920
com.samsung.android.opencalendar,False,2,2,framework;services,2,invoke,early_return,,2,40
com.samsung.android.packageinstaller,False,2,1,services,2,invoke,early_return;string_compare;system_property_read,PERM_CHECK;PKG_QUERY;UID_CHECK,1,416
com.samsung.android.pentastic,False,1,1,services,1,invoke,early_return;string_compare,,1,3
com.samsung.android.perf_z,False,1,1,gamemanager,1,array_init,early_return,,1,1
com.samsung.android.peripheral.framework,False,2,1,services,2,array_init;unknown,early_return;string_compare;system_property_read,PKG_QUERY,0,11
com.samsung.android.permissioncontroller,False,3,1,services,3,invoke,early_return;string_compare,UID_CHECK,3,488
com.samsung.android.photoremasterservice,False,2,1,framework,2,invoke,early_return,,2,27
com.samsung.android.plugin.dailylimits,False,1,1,gamemanager,1,array_init,early_return,,1,1
com.samsung.android.privateshare,False,4,1,framework,2,invoke,allowlist_check;early_return;string_compare,PKG_QUERY,5,241
com.samsung.android.providers.contacts,False,1,1,services,1,invoke,early_return,,1,2
com.samsung.android.providers.context,False,18,6,framework;hqm;motionrecognitionservice;semwifi-service;services;vendor.samsung.frameworks.codecsolution-service,15,invoke,early_return;string_compare,,43,104
com.samsung.android.providers.media,False,4,2,framework;services,4,invoke,early_return;string_compare,,8,4
com.samsung.android.pushservice,False,1,1,services,1,invoke,early_return;string_compare,UID_CHECK,1,4
com.samsung.android.qconnect,False,1,1,framework,1,invoke,early_return,,1,2
com.samsung.android.rajaampat,False,7,2,service-samsung-payment;services,4,invoke,allowlist_check;early_return;string_compare,PKG_MGMT;PKG_QUERY,4,75
com.samsung.android.rubin.app,False,3,1,services,3,invoke,early_return;permission_grant;string_compare;system_property_read,APPOPS;PERM_FLAGS;PERM_GRANT;PKG_QUERY;SIG_CHECK,3,202
com.samsung.android.samsunggear360manager,False,1,1,framework,1,field_store,early_return;string_compare;system_property_read,,0,13
com.samsung.android.samsungpass,False,2,2,framework;services,2,invoke,early_return,,2,3
com.samsung.android.samsungpay.gear,False,6,2,service-samsung-payment;services,3,invoke,allowlist_check;early_return;string_compare,PKG_MGMT;PKG_QUERY,3,47
com.samsung.android.scloud,False,9,2,framework;services,5,invoke,early_return;permission_grant;string_compare;system_property_read,PERM_CHECK;PERM_FLAGS;PERM_GRANT;PKG_QUERY,9,186
com.samsung.android.scloud.backup,False,1,1,framework,1,invoke,early_return,,1,2
com.samsung.android.scpm,False,2,2,services;vendor.samsung.frameworks.codecsolution-service,2,array_init;invoke,early_return,PKG_QUERY,2,3
com.samsung.android.scs,False,3,1,services,3,invoke,early_return;permission_grant;string_compare;system_property_read,APPOPS;PERM_FLAGS;PERM_GRANT;PKG_QUERY;SIG_CHECK,3,185
com.samsung.android.secsoundpicker,False,4,1,services,4,invoke,early_return;string_compare,,2,2
com.samsung.android.securitylogagent,False,2,2,framework;services,2,invoke,early_return;string_compare;system_property_read,,0,12
com.samsung.android.server.iris,False,6,1,framework,2,invoke,early_return,,18,8
com.samsung.android.server.wifi.mobilewips,False,10,2,knoxsdk;semwifi-service,6,invoke,early_return;string_compare,PERM_CHECK;PKG_QUERY,11,138
com.samsung.android.server.wifi.mobilewips.client,False,2,1,knoxsdk,2,invoke,early_return,,2,4
com.samsung.android.service.aircommand,False,10,1,services,7,invoke,early_return;permission_grant;string_compare;system_property_read,APPOPS;PERM_CHECK;PERM_FLAGS;PERM_GRANT;PKG_QUERY;SIG_CHECK;UID_CHECK,10,444
com.samsung.android.service.airviewdictionary,False,3,1,framework,1,invoke,early_return,,1,10
com.samsung.android.service.peoplestripe,False,3,1,services,3,invoke,early_return;system_property_read,,1,18
com.samsung.android.service.stplatform,False,1,1,services,1,,early_return,,1,1
com.samsung.android.setting.multisound,False,2,1,services,2,invoke,early_return;string_compare,PKG_QUERY;UID_CHECK,4,642
com.samsung.android.sidegesturepad,False,5,2,semwifi-service;services,4,array_init;invoke,early_return;string_compare,PERM_CHECK;PKG_QUERY;UID_CHECK,5,248
com.samsung.android.singletake.service,False,3,2,services;ssrm,3,invoke,early_return,,1,2
com.samsung.android.slinkcloud,False,1,1,framework,1,,early_return,,0,5
com.samsung.android.sm.devicesecurity,False,3,1,services,3,invoke,early_return,PKG_MGMT;PKG_QUERY,4,11
com.samsung.android.sm.devicesecurity.tcm,False,1,1,services,1,,early_return,PKG_MGMT,2,0
com.samsung.android.sm.policy,False,5,2,services;vendor.samsung.frameworks.codecsolution-service,5,array_init;invoke,early_return;string_compare,DEVICE_ID;PKG_QUERY,5,102
com.samsung.android.sm_cn,False,4,2,framework;services,4,invoke,early_return;string_compare,PKG_MGMT,5,58
com.samsung.android.smartface,False,3,2,framework;services,3,array_init;invoke,early_return;string_compare,,1,9
com.samsung.android.smartmirroring,False,10,3,framework;semwifi-service;services,8,invoke,early_return;string_compare,APPOPS;PKG_MGMT;PKG_QUERY,7,217
com.samsung.android.smartsuggestions,False,5,3,framework;semwifi-service;services,4,invoke,early_return;hidden_api;permission_grant;string_compare;system_property_read,APPOPS;PERM_FLAGS;PERM_GRANT;PKG_QUERY;SIG_CHECK,4,210
com.samsung.android.snote,False,1,1,services,1,invoke,early_return,,1,13
com.samsung.android.spay,False,18,3,framework;service-samsung-payment;services,12,field_store;invoke;move,allowlist_check;early_return;package_enable_disable;string_compare;system_property_read,PKG_MGMT;PKG_QUERY;UID_CHECK,12,318
com.samsung.android.spayfw,False,9,2,service-samsung-payment;services,4,invoke,allowlist_check;early_return;permission_grant;string_compare;system_property_read,PERM_CHECK;PERM_FLAGS;PERM_GRANT;PKG_MGMT;PKG_QUERY;UID_CHECK,5,197
com.samsung.android.spaymini,False,6,2,service-samsung-payment;services,3,invoke,allowlist_check;early_return;string_compare,PKG_MGMT;PKG_QUERY,3,47
com.samsung.android.statsd,False,2,1,services,2,invoke,early_return;string_compare,,2,7
com.samsung.android.sume.nn.service,False,5,1,framework,5,field_store;invoke,early_return,PKG_QUERY,3,90
com.samsung.android.svoiceime,False,1,1,services,1,invoke,early_return;string_compare,PKG_QUERY,1,438
com.samsung.android.tencentwifisecurity,False,2,2,framework;semwifi-service,2,invoke,early_return,,0,8
com.samsung.android.themecenter,False,13,2,framework;services,11,array_init;invoke,allowlist_check;early_return;string_compare,APPOPS;CALLER_ID;PERM_CHECK;PKG_MGMT;PKG_QUERY;UID_CHECK,19,951
com.samsung.android.themedesigner,False,1,1,services,1,invoke,early_return;string_compare,PKG_QUERY,6,187
com.samsung.android.timezone.updater,False,1,1,services,1,,early_return,PKG_MGMT,2,0
com.samsung.android.uds,False,2,1,services,1,invoke,early_return;string_compare,PKG_QUERY,2,185
com.samsung.android.universalswitch,False,1,1,framework,1,,early_return,,0,5
com.samsung.android.vdc,False,1,1,framework,1,array_init,early_return,,0,5
com.samsung.android.video,False,5,3,framework;motionrecognitionservice;services,4,array_init;invoke,early_return;permission_grant;string_compare;system_property_read,APPOPS;PERM_FLAGS;PERM_GRANT;PKG_QUERY;SIG_CHECK,4,252
com.samsung.android.video360,False,1,1,framework,1,field_store,early_return;string_compare;system_property_read,,0,13
com.samsung.android.videolist,False,1,1,services,1,,early_return,,1,1
com.samsung.android.visionarapps,False,1,1,services,1,array_init,early_return,,0,4
com.samsung.android.visionintelligence,False,3,2,framework;services,3,array_init;field_store;invoke,early_return;permission_grant;string_compare;system_property_read,APPOPS;PERM_FLAGS;PERM_GRANT;PKG_QUERY;SIG_CHECK,1,194
com.samsung.android.voc,False,7,2,framework;services,7,field_store;invoke,early_return;installer_check;string_compare;system_property_read,APPOPS;HIDDEN_API;PERM_CHECK;PERM_GRANT;PERM_REVOKE;PKG_MGMT;PKG_QUERY;SIG_CHECK;UID_CHECK,6,4195
com.samsung.android.vtcamerasettings,False,4,1,services,4,invoke,early_return;string_compare,PKG_QUERY,4,106
com.samsung.android.wallpaper.res,False,6,2,framework;services,3,invoke,early_return;string_compare,PERM_CHECK;PKG_QUERY;UID_CHECK,5,550
com.samsung.android.wcmurlsnetworkstack,False,1,1,semwifi-service,1,field_store,early_return;string_compare,,1,223
com.samsung.android.wearable.samsungaccount,False,1,1,services,1,,early_return,,0,6
com.samsung.android.wms,False,2,2,framework;knoxsdk,2,array_init;field_store,early_return;string_compare;system_property_read,,0,13
com.samsung.app.highlightplayer,False,1,1,framework,1,invoke,early_return,,1,2
com.samsung.app.newtrim,False,3,2,framework;services,2,invoke,early_return;permission_grant;string_compare;system_property_read,APPOPS;PERM_FLAGS;PERM_GRANT;PKG_QUERY;SIG_CHECK,1,189
com.samsung.attvvm,False,1,1,services,1,invoke,early_return,PERM_FLAGS;PERM_GRANT;PKG_QUERY,1,61
com.samsung.carrier.logcollector,False,1,1,services,1,invoke,early_return,,1,5
com.samsung.cmfa.AuthTouch,False,2,2,framework;services,2,unknown,early_return,,5,6
com.samsung.cmh,False,3,1,services,3,invoke,early_return;permission_grant;string_compare;system_property_read,PERM_CHECK;PERM_FLAGS;PERM_GRANT;PKG_QUERY,3,114
com.samsung.controlpanel,False,2,1,services,2,array_init,early_return,PERM_CHECK;PKG_QUERY;UID_CHECK,1,437
com.samsung.desktopsystemui,False,2,2,framework;services,2,invoke,early_return;string_compare,,3,19
com.samsung.faceservice,False,1,1,services,1,invoke,early_return;permission_grant;string_compare;system_property_read,PERM_CHECK;PERM_FLAGS;PERM_GRANT;PKG_QUERY,1,111
com.samsung.felicalock,False,1,1,framework,1,,early_return,,0,5
com.samsung.hongbaoassistant,False,1,1,framework,1,,early_return,,0,5
com.samsung.ipservice,False,2,1,services,2,invoke,early_return;permission_grant;string_compare;system_property_read,PERM_CHECK;PERM_FLAGS;PERM_GRANT;PKG_QUERY,2,112
com.samsung.klmsagent,False,5,1,services,5,array_init;invoke,early_return;string_compare,APPOPS;NETWORK;PKG_MGMT;PKG_QUERY;UID_CHECK,4,1652
com.samsung.knox.appsupdateagent,False,1,1,services,1,,early_return;string_compare;system_property_read,,0,8
com.samsung.knox.bnr,False,3,1,services,2,,early_return,PKG_QUERY,1,190
com.samsung.knox.kss,False,1,1,services,1,invoke,early_return,,2,28
com.samsung.knox.message,False,1,1,services,1,,early_return;system_property_read,,1,92
com.samsung.knox.securefolder,False,33,2,framework;services,16,array_init;field_store;invoke;unknown,allowlist_check;early_return;string_compare;system_property_read,PERM_CHECK;PKG_MGMT;PKG_QUERY;SIG_CHECK;UID_CHECK,19,812
com.samsung.location,False,1,1,services,1,invoke,early_return,,1,35
com.samsung.memorysaver,False,4,1,services,2,invoke,early_return,PKG_QUERY,2,183
com.samsung.music,False,1,1,framework,1,invoke,early_return;string_compare,PKG_QUERY,1,106
com.samsung.oh,False,1,1,framework,1,invoke,installer_check;string_compare;system_property_read,,1,11
com.samsung.rms.retailagent.global,False,1,1,hqm,1,field_store,early_return,,0,7
com.samsung.sVpn,False,17,1,services,3,invoke,allowlist_check;early_return;string_compare,PKG_QUERY;UID_CHECK,5,212
com.samsung.safetyinformation,False,1,1,framework,1,,early_return,,0,5
com.samsung.sdm,False,1,1,services,1,invoke,early_return,,1,5
com.samsung.sdm.sdmviewer,False,2,2,framework;services,2,invoke,early_return;string_compare,PKG_MGMT,2,31
com.samsung.sec.android.application.csc,False,2,1,services,2,invoke,early_return,,2,41
com.samsung.storyservice,False,1,1,services,1,invoke,early_return;permission_grant;string_compare;system_property_read,PERM_CHECK;PERM_FLAGS;PERM_GRANT;PKG_QUERY,1,111
com.samsung.systemui.navillera,False,1,1,services,1,array_init,early_return,PERM_CHECK;UID_CHECK,0,54
com.samsung.tmowfc.wfcpref,False,1,1,framework,1,,early_return,,0,5
com.samsung.ucs.agent.boot,False,5,1,services,5,array_init;invoke,early_return;string_compare;system_property_read,,2,42
com.samsung.ucs.agent.ese,False,7,1,services,3,array_init;invoke,allowlist_check;early_return;string_compare;system_property_read,PERM_CHECK;PKG_QUERY,5,307
com.samsung.unifiedtp,False,1,1,telephony-common,1,invoke,allowlist_check;early_return;string_compare;system_property_read,APPOPS;PKG_QUERY,1,520
com.samsung.voiceserviceplatform,False,4,2,knoxsdk;services,3,invoke,early_return;string_compare,PERM_CHECK;UID_CHECK,1,275
com.samsung.vvm,False,3,1,services,2,invoke,early_return,PERM_FLAGS;PERM_GRANT;PKG_QUERY,2,66
com.sds.squaremessenger,False,1,1,services,1,invoke,early_return,,1,71
com.sds.teams,False,2,1,services,2,invoke,early_return;system_property_read,,2,148
com.sec.android.AutoPreconfig,False,1,1,services,1,,early_return,PKG_MGMT,2,0
com.sec.android.CcInfo,False,1,1,services,1,invoke,early_return;string_compare,,0,18
com.sec.android.Kies,False,2,1,services,1,,early_return,PKG_QUERY,1,180
com.sec.android.app.FlashBarService,False,1,1,framework,1,,early_return,,0,5
com.sec.android.app.SecSetupWizard,False,7,3,framework;semwifi-service;services,7,array_init;field_store;invoke,early_return;string_compare,PKG_MGMT;PKG_QUERY,4,306
com.sec.android.app.applinker,False,3,1,services,3,invoke,early_return,APPOPS;UID_CHECK,8,174
com.sec.android.app.billing,False,1,1,services,1,,early_return,,0,24
com.sec.android.app.camera,False,18,3,framework;motionrecognitionservice;services,17,array_init;invoke,allowlist_check;early_return;permission_grant;string_compare;system_property_read,APPOPS;PERM_CHECK;PERM_FLAGS;PERM_GRANT;PKG_MGMT;PKG_QUERY;SIG_CHECK;UID_CHECK,14,1337
com.sec.android.app.clipvideo,False,1,1,framework,1,invoke,early_return,,1,2
com.sec.android.app.clockpackage,False,3,2,framework;services,3,unknown,early_return,,3,14
com.sec.android.app.cmas,False,1,1,services,1,invoke,early_return,,1,5
com.sec.android.app.controlpanel,False,2,2,framework;services,2,array_init;field_store,early_return,,0,0
com.sec.android.app.desktoplauncher,False,20,3,framework;knoxsdk;services,14,array_init;invoke,allowlist_check;early_return;string_compare;system_property_read,APPOPS;PERM_CHECK;PKG_MGMT;PKG_QUERY;UID_CHECK,30,682
com.sec.android.app.dictionary,False,3,1,framework,1,invoke,early_return,,2,24
com.sec.android.app.dmb,False,2,2,framework;services,2,invoke,early_return;string_compare,,2,95
com.sec.android.app.factorykeystring,False,1,1,services,1,,early_return,,1,1
com.sec.android.app.firewall,False,1,1,framework,1,,early_return,,0,5
com.sec.android.app.fm,False,12,2,framework;services,6,invoke,allowlist_check;early_return;permission_grant;string_compare,APPOPS;PERM_GRANT;PKG_QUERY;UID_CHECK,41,629
com.sec.android.app.kidshome,False,8,2,framework;services,7,field_store;invoke,early_return;string_compare;system_property_read,PKG_MGMT,7,38
com.sec.android.app.knoxlauncher,False,1,1,framework,1,invoke,early_return,,1,2
com.sec.android.app.launcher,False,25,6,framework;gamesdk;knoxsdk;semwifi-service;services;ssrm,18,array_init;field_store;invoke,allowlist_check;early_return;string_compare;system_property_read,APPOPS;HIDDEN_API;PERM_CHECK;PKG_MGMT;PKG_QUERY;UID_CHECK,28,1863
com.sec.android.app.music,False,3,2,framework;services,3,invoke,early_return;string_compare,PKG_QUERY,3,109
com.sec.android.app.myfiles,False,8,2,framework;services,8,array_init;invoke,early_return;string_compare;system_property_read,PKG_MGMT,14,52
com.sec.android.app.popupcalculator,False,1,1,services,1,invoke,early_return;string_compare,,1,3
com.sec.android.app.popupuireceiver,False,2,2,framework;services,2,invoke,early_return,,0,37
com.sec.android.app.quicktool,False,1,1,framework,1,,early_return,,0,5
com.sec.android.app.safetyassurance,False,1,1,framework,1,,early_return,,0,5
com.sec.android.app.samsungapps,False,14,2,framework;services,12,array_init;field_store;invoke,allowlist_check;early_return;permission_grant;signature_check;string_compare;system_property_read,APPOPS;PERM_FLAGS;PERM_GRANT;PKG_MGMT;PKG_QUERY;SIG_CHECK,13,947
com.sec.android.app.sbrowser,False,14,3,framework;knoxsdk;services,13,array_init;field_store;invoke,early_return;string_compare;system_property_read,PKG_QUERY;UID_CHECK,14,369
com.sec.android.app.servicemodeapp,False,1,1,semwifi-service,1,invoke,early_return;string_compare,,0,29
com.sec.android.app.setupwizard,False,3,1,services,3,array_init;invoke,early_return,,1,34
com.sec.android.app.shealth,False,6,2,framework;services,5,array_init;field_store;invoke,early_return;string_compare;system_property_read,PKG_QUERY,4,31
com.sec.android.app.simsettingmgr,False,1,1,framework,1,,early_return,,0,5
com.sec.android.app.taskmanager,False,2,2,framework;services,2,array_init;field_store,early_return,,0,0
com.sec.android.app.translator,False,4,1,framework,3,invoke,early_return,,2,46
com.sec.android.app.vepreload,False,4,2,framework;services,3,array_init;invoke,early_return;permission_grant;string_compare;system_property_read,APPOPS;PERM_FLAGS;PERM_GRANT;PKG_MGMT;PKG_QUERY;SIG_CHECK,4,186
com.sec.android.app.voicenote,False,8,2,framework;services,7,field_store;invoke,allowlist_check;early_return;string_compare;system_property_read,APPOPS;PERM_CHECK;PKG_QUERY;UID_CHECK,12,621
com.sec.android.app.voicerecorder,False,1,1,services,1,invoke,early_return;string_compare,,1,93
com.sec.android.app.wallpaperchooser,False,1,1,framework,1,,early_return,,0,5
com.sec.android.app.wlantest,False,1,1,semwifi-service,1,invoke,early_return;string_compare,,14,0
com.sec.android.autobackup,False,2,1,services,1,invoke,early_return,,1,5
com.sec.android.automotive.drivelink,False,1,1,framework,1,field_store,early_return;string_compare;system_property_read,,0,13
com.sec.android.cover.ledcover,False,3,2,semwifi-service;services,3,invoke,early_return;string_compare,,2,271
com.sec.android.daemonapp,False,3,2,framework;services,3,invoke,early_return;permission_grant;string_compare;system_property_read,APPOPS;PERM_FLAGS;PERM_GRANT;PKG_QUERY;SIG_CHECK,3,187
com.sec.android.desktopcommunity,False,3,2,knoxsdk;services,3,invoke,early_return;string_compare,UID_CHECK,3,270
com.sec.android.desktopmode.uiservice,False,10,2,knoxsdk;services,8,invoke,early_return;string_compare,PKG_MGMT;UID_CHECK,14,367
com.sec.android.diagmonagent,False,27,4,framework;services;telephony-common;vendor.samsung.frameworks.codecsolution-service,19,invoke,early_return;string_compare,PKG_QUERY,57,207
com.sec.android.easyMover,False,13,2,framework;services,10,array_init;field_store;invoke,allowlist_check;early_return;signature_check;string_compare;system_property_read,PERM_FLAGS;PERM_GRANT;PKG_MGMT;PKG_QUERY;SIG_CHECK,12,849
com.sec.android.easyMover.Agent,False,5,2,framework;services,4,invoke,early_return;permission_grant;string_compare;system_property_read,APPOPS;PERM_FLAGS;PERM_GRANT;PKG_QUERY;SIG_CHECK,3,187
com.sec.android.easyonehand,False,3,1,services,1,invoke,early_return,,3,6
com.sec.android.emergencylauncher,False,3,1,framework,2,unknown,early_return;package_enable_disable,PKG_MGMT,1,17
com.sec.android.emergencymode.service,False,4,2,framework;services,3,invoke,early_return;string_compare,PERM_CHECK;PKG_MGMT;UID_CHECK,4,355
com.sec.android.fotaclient,False,1,1,services,1,invoke,early_return,PERM_CHECK;PKG_MGMT;PKG_QUERY;UID_CHECK,0,170
com.sec.android.gallery3d,False,8,3,framework;motionrecognitionservice;services,8,array_init;field_store;invoke,early_return;string_compare;system_property_read,,11,180
com.sec.android.iaft,False,2,1,framework,2,invoke,early_return;string_compare,PKG_QUERY,3,36
com.sec.android.inputmethod,False,4,3,framework;knoxsdk;services,4,invoke,early_return;string_compare,UID_CHECK,3,15
com.sec.android.inputmethod.beta,False,1,1,services,1,,early_return,,0,1
com.sec.android.inputmethod.iwnnime.japan,False,1,1,services,1,,early_return,,0,1
com.sec.android.kiosk,False,6,2,knoxsdk;services,4,invoke,early_return;string_compare;system_property_read,CALLER_ID;PERM_CHECK;PERM_GRANT;PKG_MGMT;PKG_QUERY;UID_CHECK,4,309
com.sec.android.mimage.gear360editor,False,1,1,framework,1,,early_return,,0,5
com.sec.android.mimage.photoretouching,False,5,2,framework;services,4,invoke,early_return;permission_grant;string_compare;system_property_read,APPOPS;PERM_FLAGS;PERM_GRANT;PKG_MGMT;PKG_QUERY;SIG_CHECK,4,189
com.sec.android.provider.badge,False,1,1,services,1,,early_return,,0,2
com.sec.android.sdhms,False,12,3,gamemanager;services;ssrm,11,array_init;invoke;unknown,allowlist_check;early_return;string_compare;system_property_read,APPOPS;HIDDEN_API;PERM_CHECK;PKG_QUERY;UID_CHECK,11,1754
com.sec.android.wallpapercropper2,False,1,1,framework,1,,early_return,,0,5
com.sec.android.widgetapp.SPlannerAppWidget,False,1,1,framework,1,invoke,,,1,7
com.sec.android.widgetapp.ap.hero.accuweather,False,1,1,framework,1,invoke,early_return,,1,2
com.sec.android.widgetapp.easymodecontactswidget,False,1,1,framework,1,,early_return,,0,5
com.sec.app.RilErrorNotifier,False,2,1,telephony-common,1,invoke,early_return,,1,45
com.sec.app.screenrecorder,False,1,1,framework,1,,early_return,,0,5
com.sec.chaton,False,2,2,framework;services,2,field_store;invoke,early_return;string_compare;system_property_read,,1,46
com.sec.dsm.system,False,1,1,services,1,invoke,early_return,,1,5
com.sec.enterprise.knox.cloudmdm.smdms,False,13,2,knoxsdk;services,11,array_init;invoke;unknown,early_return;string_compare;system_property_read,PERM_CHECK;PKG_QUERY;UID_CHECK,19,178
com.sec.enterprise.knox.cloudmdm.smdms.agent.global.myknox,False,1,1,services,1,invoke,early_return;string_compare,,0,0
com.sec.enterprise.knox.express,False,1,1,framework,1,field_store,early_return;string_compare;system_property_read,,0,13
com.sec.enterprise.mdm.services.simpin,False,1,1,services,1,invoke,early_return,,0,8
com.sec.epdg,False,4,2,EpdgManager;services,2,invoke,early_return,,2,12
com.sec.epdgtestapp,False,1,1,services,1,invoke,early_return,,1,2
com.sec.esdk.elm,False,1,1,services,1,invoke,early_return;string_compare;system_property_read,PKG_QUERY,0,11
com.sec.facatfunction,False,1,1,services,1,,early_return,,1,1
com.sec.factory,False,1,1,services,1,invoke,early_return;string_compare,UID_CHECK,0,85
com.sec.hearingadjust,False,1,1,framework,1,array_init,early_return;string_compare;system_property_read,,0,13
com.sec.hiddenmenu,False,1,1,services,1,invoke,early_return;string_compare,APPOPS,3,55
com.sec.imsservice,False,13,4,framework;imsmanager;rcsopenapi;vsimmanager,13,invoke,early_return,,2,38
com.sec.knox.app.container,False,1,1,framework,1,field_store,early_return;string_compare;system_property_read,,0,13
com.sec.knox.bluetooth,False,3,2,framework;services,3,invoke,allowlist_check;early_return;string_compare;system_property_read,PKG_MGMT;PKG_QUERY;UID_CHECK,0,664
com.sec.knox.containeragent,False,2,1,framework,2,field_store;invoke,early_return;string_compare;system_property_read,,1,15
com.sec.knox.containeragent2,False,1,1,services,1,invoke,early_return;string_compare,PERM_CHECK;PKG_QUERY;SIG_CHECK;UID_CHECK,0,216
com.sec.knox.knoxsetupwizardclient,False,1,1,framework,1,field_store,early_return;string_compare;system_property_read,,0,13
com.sec.location.nfwlocationprivacy,False,3,2,framework;services,3,array_init;invoke,early_return;permission_grant;string_compare;system_property_read,APPOPS;PERM_FLAGS;PERM_GRANT;PKG_QUERY;SIG_CHECK,5,200
com.sec.location.nsflp2,False,2,1,services,2,invoke,early_return,,2,21
com.sec.mhs.smarttethering,False,6,1,semwifi-service,6,invoke,early_return,PERM_CHECK;UID_CHECK,2,37
com.sec.modem.settings,False,1,1,services,1,invoke,early_return,,1,2
com.sec.pcw,False,1,1,framework,1,field_store,early_return;string_compare;system_property_read,,0,13
com.sec.phone,False,5,3,framework;sec_platform_library;services,3,invoke,early_return,,6,19
com.sec.smartcard.manager,False,2,1,services,2,array_init,early_return;string_compare;system_property_read,,1,2
com.sec.spp.push,False,1,1,services,1,invoke,early_return,,1,35
com.sec.sve,False,1,1,services,1,invoke,early_return;string_compare,,2,0
com.sec.tetheringprovision,False,1,1,services,1,invoke,early_return,,1,5
com.sec.unifiedwfc,False,1,1,framework,1,,early_return,,0,5
com.sec.usbsettings,False,1,1,services,1,invoke,early_return;string_compare,APPOPS,3,55
com.sec.watchon.phone,False,1,1,framework,1,field_store,early_return;string_compare;system_property_read,,0,13
com.securityandprivacy.android.verizon.vms,False,1,1,services,1,invoke,early_return,PERM_FLAGS;PERM_GRANT;PKG_QUERY,1,61
com.sgiggle.production,False,1,1,services,1,,early_return;system_property_read,,1,92
com.sina.weibo,False,1,1,services,1,invoke,string_compare,UID_CHECK,2,65
com.skb.btvmobile,False,1,1,framework,1,field_store,early_return;string_compare;system_property_read,,0,13
com.skmc.okcashbag.home_google,False,1,1,framework,1,field_store,early_return;string_compare;system_property_read,,0,13
com.skmnc.gifticon,False,1,1,framework,1,field_store,early_return;string_compare;system_property_read,,0,13
com.skms.android.agent,False,2,2,framework;services,2,invoke,early_return,,2,12
com.skplanet.mbuzzer,False,1,1,framework,1,field_store,early_return;string_compare;system_property_read,,0,13
com.skt.prod.dialer,False,4,2,framework;services,4,field_store,early_return;string_compare;system_property_read,,3,106
com.skt.prod.phonebook,False,1,1,framework,1,field_store,early_return;string_compare;system_property_read,,0,13
com.skt.skaf.A000Z00040,False,2,2,framework;services,2,field_store;invoke,early_return;string_compare;system_property_read,,1,13
com.skt.skaf.OA00018282,False,1,1,services,1,invoke,early_return,,1,2
com.skt.skaf.OA00026910,False,1,1,framework,1,field_store,early_return;string_compare;system_property_read,,0,13
com.skt.skaf.OA00050017,False,1,1,framework,1,field_store,early_return;string_compare;system_property_read,,0,13
com.skt.skaf.OA00199800,False,1,1,services,1,,early_return,,1,1
com.skt.smartbill,False,1,1,framework,1,field_store,early_return;string_compare;system_property_read,,0,13
com.skt.t_smart_charge,False,1,1,framework,1,invoke,early_return,PKG_QUERY,1,4
com.skt.tbagplus,False,1,1,framework,1,field_store,early_return;string_compare;system_property_read,,0,13
com.skt.tdatacoupon,False,1,1,framework,1,field_store,early_return;string_compare;system_property_read,,0,13
com.skt.tgift,False,1,1,framework,1,field_store,early_return;string_compare;system_property_read,,0,13
com.skt.tmap.ku,False,1,1,motionrecognitionservice,1,,early_return,,1,75
com.skt.tmaphot,False,1,1,framework,1,field_store,early_return;string_compare;system_property_read,,0,13
com.skt.tservice,False,1,1,framework,1,field_store,early_return;string_compare;system_property_read,,0,13
com.sktelecom.minit,False,1,1,framework,1,field_store,early_return;string_compare;system_property_read,,0,13
com.sktelecom.tguard,False,1,1,framework,1,field_store,early_return;string_compare;system_property_read,,0,13
com.skype.raider,False,5,3,framework;semwifi-service;services,5,array_init;invoke,early_return;string_compare;system_property_read,,2,134
com.slacker.radio,False,1,1,services,1,invoke,early_return,,1,5
com.sm1.EverySing,False,1,1,services,1,invoke,early_return,,1,42
com.smithmicro.netwise.director.comcast.oem,False,1,1,semwifi-service,1,invoke,early_return;string_compare,PKG_QUERY,3,33
com.snapchat.android,False,3,2,semwifi-service;services,3,array_init,early_return;system_property_read,,1,106
com.speedymovil.wire,False,1,1,services,1,invoke,early_return;permission_grant;string_compare;system_property_read,APPOPS;PERM_FLAGS;PERM_GRANT;PKG_QUERY;SIG_CHECK,1,184
com.spotify.music,False,1,1,services,1,invoke,early_return,,1,5
com.sprint.ce.updater,False,1,1,services,1,invoke,early_return,PERM_FLAGS;PERM_GRANT;PKG_QUERY,1,64
com.sprint.ecid,False,1,1,services,1,invoke,early_return,PERM_FLAGS;PERM_GRANT;PKG_QUERY,1,64
com.sprint.ms.cdm,False,1,1,services,1,invoke,early_return,PERM_FLAGS;PERM_GRANT;PKG_QUERY,1,64
com.sprint.ms.smf.services,False,5,2,services;telephony-common,5,array_init;invoke,early_return;string_compare;system_property_read,PERM_FLAGS;PERM_GRANT;PKG_QUERY,4,70
com.sprint.sdcplus,False,4,1,services,2,array_init;invoke,early_return;string_compare,PKG_QUERY,3,25
com.sprint.w.installer,False,1,1,services,1,invoke,early_return,PERM_FLAGS;PERM_GRANT;PKG_QUERY,1,64
com.squareup.cash,False,1,1,services,1,invoke,early_return;string_compare,,1,2
com.ss.android.ugc.aweme,False,1,1,services,1,invoke,early_return,,1,42
com.synchronoss.dcs.att.r2g,False,2,2,semwifi-service;services,2,invoke,early_return;string_compare,PERM_FLAGS;PERM_GRANT;PKG_QUERY,4,95
com.taobao.taobao,False,1,1,services,1,invoke,string_compare,UID_CHECK,2,65
com.telcel.contenedor,False,1,1,services,1,invoke,early_return;permission_grant;string_compare;system_property_read,APPOPS;PERM_FLAGS;PERM_GRANT;PKG_QUERY;SIG_CHECK,1,184
com.telecomsys.directedsms.android.SCG,False,1,1,services,1,invoke,early_return,,1,5
com.telenav.app.android.scout_us,False,1,1,services,1,invoke,early_return,,1,5
com.tencent.android.location,False,1,1,services,1,invoke,early_return,,1,2
com.tencent.karaoke,False,1,1,services,1,invoke,early_return,,1,42
com.tencent.map,False,2,2,motionrecognitionservice;services,2,invoke,early_return;string_compare,,1,85
com.tencent.mm,False,9,4,duraspeed;framework;semwifi-service;services,9,array_init;invoke,early_return;string_compare;system_property_read,APPOPS;PERM_CHECK;PKG_QUERY;SIG_CHECK;UID_CHECK,10,1356
com.tencent.mobileqq,False,6,2,duraspeed;services,6,array_init;invoke,early_return;string_compare,APPOPS;PERM_CHECK;PKG_QUERY;SIG_CHECK;UID_CHECK,7,1190
com.tencent.mobileqqi,False,2,1,services,2,invoke,early_return;string_compare,UID_CHECK,3,107
com.tencent.qqmusic,False,1,1,services,1,invoke,early_return,,1,42
com.tencent.tmgp.sgame,False,1,1,duraspeed,1,invoke,,,1,11
com.tencent.wesing,False,1,1,services,1,invoke,early_return,,1,42
com.teslamotors.tesla,False,1,1,services,1,invoke,early_return,,1,2
com.tmall.wireless,False,1,1,services,1,invoke,string_compare,UID_CHECK,2,65
com.tmapforkia.android,False,1,1,motionrecognitionservice,1,,early_return,,1,75
com.tmobile.dm.cm,False,3,1,services,1,invoke,early_return,PERM_FLAGS;PERM_GRANT;PKG_QUERY,1,61
com.tmobile.echolocate,False,9,2,services;telephony-common,7,array_init;field_store;invoke,early_return;string_compare;system_property_read,PERM_FLAGS;PERM_GRANT;PKG_QUERY,10,150
com.tmobile.pr.adapt,False,4,1,services,2,invoke,early_return,PERM_FLAGS;PERM_GRANT;PKG_QUERY,2,66
com.tmobile.pr.mytmobile,False,5,2,services;telephony-common,5,array_init;invoke,early_return;string_compare;system_property_read,PERM_FLAGS;PERM_GRANT;PKG_QUERY,4,68
com.twitter.android,False,1,1,services,1,invoke,early_return,,1,35
com.unionpay.tsmservice,False,1,1,services,1,invoke,early_return,,1,2
com.uplus.baseballhdtv,False,1,1,framework,1,field_store,early_return;string_compare;system_property_read,,0,13
com.uplus.ipagent,False,1,1,framework,1,field_store,early_return;string_compare;system_property_read,,0,13
com.uplus.movielte,False,1,1,framework,1,field_store,early_return;string_compare;system_property_read,,0,13
com.uplus.onphone,False,1,1,framework,1,field_store,early_return;string_compare;system_property_read,,0,13
com.uu.uunavi,False,1,1,services,1,invoke,early_return;string_compare,,0,10
com.vcast.mediamanager,False,3,1,services,2,invoke,early_return,PERM_FLAGS;PERM_GRANT;PKG_QUERY,2,66
com.verizon.messaging.vzmsgs,False,1,1,services,1,,early_return;system_property_read,,1,92
com.verizon.mips.services,False,7,1,services,6,invoke,appops_set;early_return;string_compare;system_property_read,APPOPS;PERM_FLAGS;PERM_GRANT;PERM_REVOKE;PKG_MGMT;PKG_QUERY;SIG_CHECK;UID_CHECK,4,1423
com.verizon.pushtotalkplus,False,5,1,services,3,array_init;invoke,appops_set;early_return;string_compare;system_property_read,APPOPS;PERM_FLAGS;PERM_GRANT;PERM_REVOKE;PKG_MGMT;PKG_QUERY;SIG_CHECK;UID_CHECK,4,1376
com.viber.voip,False,2,2,semwifi-service;services,2,,early_return;system_property_read,,1,97
com.vlingo.midas,False,5,2,knoxsdk;services,4,invoke,allowlist_check;early_return;string_compare,PERM_CHECK;PKG_MGMT;SIG_CHECK;UID_CHECK,3,983
com.vznavigator.Generic,False,1,1,services,1,invoke,early_return,,1,5
com.vzw.ecid,False,1,1,services,1,invoke,early_return,PERM_FLAGS;PERM_GRANT;PKG_QUERY,1,61
com.vzw.hss.myverizon,False,3,1,services,2,invoke,appops_set;early_return;string_compare;system_property_read,APPOPS;PERM_FLAGS;PERM_GRANT;PERM_REVOKE;PKG_MGMT;PKG_QUERY;SIG_CHECK;UID_CHECK,2,1386
com.welldoc.diabetesmanager,False,1,1,services,1,invoke,early_return,,1,5
com.whitepages.nameid.tmobile,False,1,1,telephony-common,1,unknown,,,2,4
com.winzo.gold,False,1,1,services,1,invoke,allowlist_check;early_return,,5,2
com.ws.dm,False,6,2,framework;services,5,field_store;invoke,early_return;string_compare,PERM_CHECK;PKG_MGMT;PKG_QUERY;UID_CHECK,6,200
com.ximalaya.ting.android,False,1,1,services,1,invoke,early_return,,1,42
com.zed.TrdWapLauncher,False,1,1,services,1,invoke,early_return,,1,5
com.zgz.supervideo,False,1,1,services,1,array_init,early_return;string_compare,PKG_QUERY,1,179
com.zing.zalo,False,1,1,services,1,,early_return;system_property_read,,1,92
de.telekom.tsc,False,1,1,services,1,invoke,early_return;permission_grant;string_compare;system_property_read,APPOPS;PERM_FLAGS;PERM_GRANT;PKG_QUERY;SIG_CHECK,1,184
deezer.android.app,False,1,1,services,1,invoke,early_return,,1,5
io.ismconnect.att.devicealive,False,1,1,hqm,1,field_store,early_return,,0,7
io.mvlchain.tada,False,1,1,motionrecognitionservice,1,,early_return,,1,75
jp.co.lawson.activity,False,1,1,services,1,invoke,early_return,,1,5
jp.co.mcdonalds.android,False,1,1,services,1,invoke,early_return,,1,5
jp.co.nttdocomo.lcsapp,False,1,1,services,1,invoke,early_return;string_compare,,1,14
jp.dmapnavi.navi02,False,1,1,services,1,invoke,early_return,,1,5
jp.id_credit_sp.android,False,2,2,framework;services,2,field_store;invoke,early_return;string_compare;system_property_read,,1,17
jp.naver.line.android,False,5,3,duraspeed;semwifi-service;services,5,array_init;invoke,early_return;system_property_read,,2,136
jp.radiko.plusfm.player,False,1,1,framework,1,invoke,early_return;string_compare,,0,132
kr.co.vcnc.android.couple,False,1,1,services,1,invoke,early_return,,1,42
kr.co.vcnc.tada,False,1,1,motionrecognitionservice,1,,early_return,,1,75
msgplus.jibe.sca,False,1,1,services,1,invoke,early_return,,1,5
net.aetherpal.device,False,1,1,services,1,invoke,early_return,PERM_FLAGS;PERM_GRANT;PKG_QUERY,1,61
net.cj.cjhv.gs.tving,False,1,1,motionrecognitionservice,1,,early_return,,1,75
net.daum.android.map,False,2,2,framework;motionrecognitionservice,2,field_store,early_return;string_compare;system_property_read,,1,84
org.simalliance.openmobileapi.service,False,1,1,services,1,invoke,early_return,,1,5
org.telegram.messenger,False,1,1,services,1,,early_return;system_property_read,,1,92
tv.peel.smartremote,False,1,1,framework,1,field_store,early_return;string_compare;system_property_read,,0,13
www.google.com,False,2,1,semwifi-service,2,field_store;invoke,early_return,,1,11
